login,name,company,location,email,hireable,bio,public_repos,followers,following,created_at
amitshekhariitbhu,,,,,,,,,,
shradha-khapra,,,,,,,,,,
loveBabbar,,,,,,,,,,
Nakshatra05,,,,,,,,,,
Anuj-Kumar-Sharma,,,,,,,,,,
Ignitetechnologies,,,,,,,,,,
developerrahulofficial,,,,,,,,,,
janishar,,,,,,,,,,
shivaylamba,,,,,,,,,,
naman14,,,,,,,,,,
aviaryan,,,,,,,,,,
the-dagger,,,,,,,,,,
Priyansh19077,,,,,,,,,,
mehulmpt,,,,,,,,,,
kunaltyagi9,,,,,,,,,,
ShreyaPrasad1209,,,,,,,,,,
nathvarun,,,,,,,,,,
Swati4star,,,,,,,,,,
saumya1singh,,,,,,,,,,
nikhilkumarsingh,,,,,,,,,,
SnippetCoders,,,,,,,,,,
AakashKumarNain,,,,,,,,,,
PrathamKumar14,,,,,,,,,,
coderdost,,,,,,,,,,
manrajgrover,,,,,,,,,,
rishikksh20,,,,,,,,,,
aayusharora,,,,,,,,,,
AkshayAnand2002,,,,,,,,,,
KeenWarrior,,,,,,,,,,
ayooshkathuria,,,,,,,,,,
abhishekaryangiri,,,,,,,,,,
rishz,,,,,,,,,,
unnati914,,,,,,,,,,
Vishal-raj-1,,,,,,,,,,
thismlguy,,,,,,,,,,
monukumar98,,,,,,,,,,
msfjarvis,,,,,,,,,,
Swarnika07,,,,,,,,,,
KhushbooGoel01,,,,,,,,,,
AmanPathak-DevOps,,,,,,,,,,
sharmaroshan,,,,,,,,,,
bpbpublications,,,,,,,,,,
ragdroid,,,,,,,,,,
shashankrustagi,,,,,,,,,,
Ayush7614,,,,,,,,,,
AzeemIdrisi,,,,,,,,,,
dufferzafar,,,,,,,,,,
someshkar,,,,,,,,,,
eKuG,,,,,,,,,,
ShivamJoker,,,,,,,,,,
aparna2071,,,,,,,,,,
Vikranth3140,,,,,,,,,,
mittrayash,,,,,,,,,,
darecoder,,,,,,,,,,
amanjeetsingh150,,,,,,,,,,
aggarwalpulkit596,,,,,,,,,,
MeghnaS21,,,,,,,,,,
niks-nikhil-anand,,,,,,,,,,
Nistha-tech,,,,,,,,,,
m-sehrawat,,,,,,,,,,
nameisjayant,,,,,,,,,,
rajneeshkumar146,,,,,,,,,,
kishanrajput23,,,,,,,,,,
IamJapneet,,,,,,,,,,
Hassan-Shoayb,,,,,,,,,,
Delta456,,,,,,,,,,
ashishrawat2911,,,,,,,,,,
nikhilroxtomar,,,,,,,,,,
amitsrivastava4all,,,,,,,,,,
mohak1283,,,,,,,,,,
Aashishkumar123,,,,,,,,,,
Pradeep-Pandey13,,,,,,,,,,
iamdeepak199,,,,,,,,,,
plibither8,,,,,,,,,,
softvar,,,,,,,,,,
saloniankita,,,,,,,,,,
iAyon,,,,,,,,,,
V4NSH4J,,,,,,,,,,
Samarth0606,,,,,,,,,,
JapneetSachdeva1,,,,,,,,,,
dswh,,,,,,,,,,
Deepaksharma-39,,,,,,,,,,
chandanverma07,,,,,,,,,,
vihaankapoor,,,,,,,,,,
viperadnan-git,,,,,,,,,,
EtishaGarg,,,,,,,,,,
sharmaadityaHQ,,,,,,,,,,
jatinkatyal13,,,,,,,,,,
navdeep1676,,,,,,,,,,
parikshit223933,,,,,,,,,,
Bhupesh-V,,,,,,,,,,
vrijraj,,,,,,,,,,
iashris,,,,,,,,,,
mayank408,,,,,,,,,,
ajayyadavexpo,,,,,,,,,,
H-a-r-s-h-i-t-a-k,,,,,,,,,,
ayush2390,,,,,,,,,,
ayush221b,,,,,,,,,,
TheHamkerCat,,,,,,,,,,
JyotinderSingh,,,,,,,,,,
prateek-bka,,,,,,,,,,
mansimarkaur,,,,,,,,,,
keshavgbpecdelhi,,,,,,,,,,
kunaal438,,,,,,,,,,
jainaman224,,,,,,,,,,
jaidevd,,,,,,,,,,
devaar100,,,,,,,,,,
gptkrsh,,,,,,,,,,
Bhupender2,,,,,,,,,,
Daksh777,,,,,,,,,,
SandhyaKapoor,,,,,,,,,,
ConnectBhawna,,,,,,,,,,
nikit19,,,,,,,,,,
midopooler,,,,,,,,,,
PriyankaJhaTheAnalyst,,,,,,,,,,
satishwithcode,,,,,,,,,,
goelabhishek694,,,,,,,,,,
devjs1000,,,,,,,,,,
prateek147,,,,,,,,,,
apnacollege,,,,,,,,,,
raj74434,,,,,,,,,,
VinayKumar1801,,,,,,,,,,
Ghanishtkhurana,,,,,,,,,,
thenamankumar,,,,,,,,,,
developer-shivam,,,,,,,,,,
Mokshit06,,,,,,,,,,
anupammaurya6767,,,,,,,,,,
sara-02,,,,,,,,,,
mohak1712,,,,,,,,,,
vinaysomawat,,,,,,,,,,
bhavukjain1,,,,,,,,,,
shikharkumar13,,,,,,,,,,
AVIVASHISHTA29,,,,,,,,,,
shijithpk,,,,,,,,,,
itsmehacker,,,,,,,,,,
NaziaSayyad,,,,,,,,,,
rohanraarora,,,,,,,,,,
CodingWallah,,,,,,,,,,
Rashmigautam16,,,,,,,,,,
harshithdwivedi,,,,,,,,,,
MukulCode,,,,,,,,,,
srbhr,,,,,,,,,,
Ranjanji,,,,,,,,,,
raul-khan,,,,,,,,,,
rajat2502,,,,,,,,,,
adnan25042001,,,,,,,,,,
Kartik18g,,,,,,,,,,
Aarush-Goyal,,,,,,,,,,
masum-raja,,,,,,,,,,
sachuverma,,,,,,,,,,
chandan1506,,,,,,,,,,
himahuja,,,,,,,,,,
vikramram2001,,,,,,,,,,
aflah02,,,,,,,,,,
shobhitsrivastava-ds,,,,,,,,,,
kcubeterm,,,,,,,,,,
Merciful123,,,,,,,,,,
monumarquis,,,,,,,,,,
cyberfascinate,,,,,,,,,,
yashash-pugalia,,,,,,,,,,
vigzmv,,,,,,,,,,
ananyalohani,,,,,,,,,,
aditya12gusain,,,,,,,,,,
aasu14,,,,,,,,,,
Udit-takkar,,,,,,,,,,
vaibhavchellani,,,,,,,,,,
ovaisazmi,,,,,,,,,,
imprakharshukla,,,,,,,,,,
souravjain540,,,,,,,,,,
ITZ-ZAID,,,,,,,,,,
suraj9716,,,,,,,,,,
shoaibrayeen,,,,,,,,,,
AariF-ShazZ,,,,,,,,,,
mrpkdeveloper,,,,,,,,,,
developerpaaji,,,,,,,,,,
CodeWithSwastik,,,,,,,,,,
Aniket965,,,,,,,,,,
ndpniraj,,,,,,,,,,
Aayushi-Mittal,,,,,,,,,,
Ashutosh00710,,,,,,,,,,
Gunnika,,,,,,,,,,
Piryanshu88,,,,,,,,,,
creatorrr,,,,,,,,,,
0786faizan,,,,,,,,,,
lazycipher,,,,,,,,,,
thevasudevgupta,,,,,,,,,,
priyanshu2014204,,,,,,,,,,
mohit2016,,,,,,,,,,
Sandeeprawat313,,,,,,,,,,
piyushhhxyz,,,,,,,,,,
rahulkr-dev,,,,,,,,,,
vaidik,,,,,,,,,,
tutorials-website,,,,,,,,,,
jatinkalwar,,,,,,,,,,
as1605,,,,,,,,,,
EkaanshArora,,,,,,,,,,
kanak22,,,,,,,,,,
Sneha052022,,,,,,,,,,
imvickykumar999,,,,,,,,,,
syedareehaquasar,,,,,,,,,,
sarfraj0304,,,,,,,,,,
prateeksawhney97,,,,,,,,,,
loveneeshdhir,,,,,,,,,,
smilewithkhushi,,,,,,,,,,
abhinav110695,,,,,,,,,,
saumyasingh203,,,,,,,,,,
Priyanka4251,,,,,,,,,,
adityajoshi12,,,,,,,,,,
vivek-panchal,,,,,,,,,,
dragonman164,,,,,,,,,,
jakansha2001,,,,,,,,,,
silent-lad,,,,,,,,,,
ankittrajj,,,,,,,,,,
YBI-Foundation,,,,,,,,,,
tejasag,,,,,,,,,,
aryasoni98,,,,,,,,,,
antonio-pedro99,,,,,,,,,,
nilax97,,,,,,,,,,
gargakshit,,,,,,,,,,
iamSahdeep,,,,,,,,,,
Vivekgupta96,,,,,,,,,,
ankushgarg1998,,,,,,,,,,
rishabh2298,,,,,,,,,,
BaaniLeen,,,,,,,,,,
0xpranjal,,,,,,,,,,
MonalikaPatnaik,,,,,,,,,,
manu14889,,,,,,,,,,
AkankshaAI,,,,,,,,,,
GangaChatrvedi,,,,,,,,,,
ShivangKakkar,,,,,,,,,,
DroidNinja,,,,,,,,,,
alih6051,,,,,,,,,,
Chetan0777,,,,,,,,,,
khandelwalpranav05,,,,,,,,,,
vikram0411,,,,,,,,,,
dipti1144,,,,,,,,,,
nik72619c,,,,,,,,,,
im-vishalanand,,,,,,,,,,
madhava20217,,,,,,,,,,
gurmanbh,,,,,,,,,,
bhavyaagg,,,,,,,,,,
tanya-vedi,,,,,,,,,,
hemantwasthere,,,,,,,,,,
mbad0la,,,,,,,,,,
apaarkamal,,,,,,,,,,
rohitgeo,,,,,,,,,,
kshivang80,,,,,,,,,,
aastha985,,,,,,,,,,
manojattri181,,,,,,,,,,
mbcse,,,,,,,,,,
architv,,,,,,,,,,
hr927,,,,,,,,,,
neerajsinghmahar11,,,,,,,,,,
nb2998,,,,,,,,,,
ravipandeydu,,,,,,,,,,
dheeraj-thedev,,,,,,,,,,
rohitgr7,,,,,,,,,,
hemantso,,,,,,,,,,
cybergeekgyan,,,,,,,,,,
sharmaji27,,,,,,,,,,
benbobyabraham,,,,,,,,,,
Nitin96Bisht,,,,,,,,,,
ryh04x,,,,,,,,,,
vipin-k,,,,,,,,,,
thecodechaser,,,,,,,,,,
riteshhgupta,,,,,,,,,,
ravirana75036,,,,,,,,,,
prakharrathi25,,,,,,,,,,
pythongiant,,,,,,,,,,
imsakshi,,,,,,,,,,
dotangad,,,,,,,,,,
Mehul1699,,,,,,,,,,
itsmedudes,,,,,,,,,,
jagnani73,,,,,,,,,,
prvnbist,,,,,,,,,,
NavneelSinghal,,,,,,,,,,
hardikSinghBehl,,,,,,,,,,
jigna16,,,,,,,,,,
tarun-upadhyay,,,,,,,,,,
nikitaprasad21,,,,,,,,,,
ShubhamRwt,,,,,,,,,,
Nitesh-Samaniya,,,,,,,,,,
Aayush-Kindo,,,,,,,,,,
one-aalam,,,,,,,,,,
geekanamika,,,,,,,,,,
pawansaini0,,,,,,,,,,
rahul9w,,,,,,,,,,
ManishBisht777,,,,,,,,,,
jaipathak1972,,,,,,,,,,
chirag-jn,,,,,,,,,,
huzaifa621,,,,,,,,,,
BeeBombshell,,,,,,,,,,
radioactive11,,,,,,,,,,
humamul,,,,,,,,,,
hemangsk,,,,,,,,,,
ivorynoise,,,,,,,,,,
ShivamRohilllaa,,,,,,,,,,
Priyanshu-Tyagi,,,,,,,,,,
shivaniaakanksha,,,,,,,,,,
Anurag5086,,,,,,,,,,
sidgupta234,,,,,,,,,,
Chadha93,,,,,,,,,,
pjdurden,,,,,,,,,,
shivamsisodia07,,,,,,,,,,
kirti2818,,,,,,,,,,
98mohitkumar,,,,,,,,,,
Priyaraj17,,,,,,,,,,
coding-blocks-archives,,,,,,,,,,
prachicodestudio,,,,,,,,,,
dineshkummarc,,,,,,,,,,
saeem92,,,,,,,,,,
SantoshSharma09,,,,,,,,,,
EshaanAgg,,,,,,,,,,
paramjeetrawat265,,,,,,,,,,
Kashif7906,,,,,,,,,,
AyushiVashisth,,,,,,,,,,
prakashshuklahub,,,,,,,,,,
RitikSingh11661,,,,,,,,,,
arun-developers,,,,,,,,,,
akhilbawari,,,,,,,,,,
Shubh596,,,,,,,,,,
riyasachdeva04,,,,,,,,,,
harrypotter0,,,,,,,,,,
ashus3868,,,,,,,,,,
shalugupta5,,,,,,,,,,
anirudhakulkarni,,,,,,,,,,
devclub-iitd,,,,,,,,,,
Pulkit0111,,,,,,,,,,
naveensharma8527,,,,,,,,,,
ChinmayMittal,,,,,,,,,,
Vidip-Ghosh,,,,,,,,,,
vishutyagii,,,,,,,,,,
dhruvmisra,,,,,,,,,,
FidalMathew,,,,,,,,,,
poojasanwal,,,,,,,,,,
Ajay84sia,,,,,,,,,,
vaibhav-mougha,,,,,,,,,,
braindotai,,,,,,,,,,
anshulahuja98,,,,,,,,,,
pranavpandey,,,,,,,,,,
priyalbhatewara123,,,,,,,,,,
tarunrajput,,,,,,,,,,
ahkehra,,,,,,,,,,
Sanyam96,,,,,,,,,,
arnavzoman,,,,,,,,,,
SauravBhardwaj1,,,,,,,,,,
deepak65190,,,,,,,,,,
charlie-aashutosh,,,,,,,,,,
deepakpathania-zz,,,,,,,,,,
lionashu,,,,,,,,,,
mishranikhil15,,,,,,,,,,
prempalsingh,,,,,,,,,,
piyush5807,,,,,,,,,,
chetanchawla,,,,,,,,,,
Samagra-Development,,,,,,,,,,
garora,,,,,,,,,,
pandafy,,,,,,,,,,
mananwason,,,,,,,,,,
xeon-zolt,,,,,,,,,,
Sakshi00555,,,,,,,,,,
ankitsharma07,,,,,,,,,,
mrinal1704,,,,,,,,,,
rishabh-bansal,,,,,,,,,,
Durgesh9871,,,,,,,,,,
gauravfar93,,,,,,,,,,
Akhil2014,,,,,,,,,,
arora-ansh,,,,,,,,,,
Amanmandal-M,,,,,,,,,,
deeqakkk,,,,,,,,,,
vibhavp,,,,,,,,,,
Mohitkr95,,,,,,,,,,
SauravP97,,,,,,,,,,
saqueib,,,,,,,,,,
sreehari2003,,,,,,,,,,
uzairshaikh123,,,,,,,,,,
jyotiranjan1997,,,,,,,,,,
geekanant,,,,,,,,,,
starving-array,,,,,,,,,,
mayank7jha1,,,,,,,,,,
sapna1309,,,,,,,,,,
wise-saint,,,,,,,,,,
asadrabbani,,,,,,,,,,
upsidedownlabs,,,,,,,,,,
dubeysuraj864,,,,,,,,,,
vkartik2k,,,,,,,,,,
skathuria29,,,,,,,,,,
Sahilamin219,,,,,,,,,,
aqua30,,,,,,,,,,
verma-anushka,,,,,,,,,,
annshsingh,,,,,,,,,,
paavininanda,,,,,,,,,,
gaurbprajapati,,,,,,,,,,
17sushmita,,,,,,,,,,
dash1291,,,,,,,,,,
kodekracker,,,,,,,,,,
vaib25vicky,,,,,,,,,,
Vaibhav015,,,,,,,,,,
satan7549,,,,,,,,,,
devanshbatra04,,,,,,,,,,
Dante2109,,,,,,,,,,
bsorav,,,,,,,,,,
himanshukhosla123,,,,,,,,,,
MohsinAli0899,,,,,,,,,,
saurabhsolanki,,,,,,,,,,
shashank-sharma,,,,,,,,,,
ravishankarsingh1996,,,,,,,,,,
Ritika-Das,,,,,,,,,,
vaishali614,,,,,,,,,,
TheJSGirl,,,,,,,,,,
abhishek97,,,,,,,,,,
Rjesh2006,,,,,,,,,,
tarunluthra123,,,,,,,,,,
madhur-tandon,,,,,,,,,,
